feature,count,stability
sensor_065,5,1.0
sensor_148,5,1.0
sensor_211,5,1.0
sensor_068,5,1.0
sensor_064,5,1.0
sensor_584,5,1.0
sensor_082,5,1.0
sensor_434,5,1.0
sensor_072,5,1.0
sensor_042,5,1.0
sensor_078,5,1.0
sensor_206,5,1.0
sensor_477,5,1.0
sensor_154,5,1.0
sensor_573,5,1.0
sensor_585,5,1.0
sensor_342,5,1.0
sensor_104,5,1.0
sensor_011,5,1.0
sensor_060,5,1.0
sensor_426,5,1.0
sensor_041,5,1.0
sensor_288,5,1.0
sensor_430,5,1.0
sensor_292,5,1.0
sensor_406,5,1.0
sensor_204,5,1.0
sensor_349,5,1.0
sensor_201,4,0.8
sensor_422,4,0.8
sensor_367,4,0.8
sensor_362,4,0.8
sensor_574,4,0.8
sensor_218,4,0.8
sensor_424,4,0.8
sensor_215,4,0.8
sensor_492,4,0.8
sensor_568,4,0.8
sensor_290,4,0.8
sensor_576,4,0.8
sensor_198,4,0.8
sensor_300,4,0.8
sensor_353,4,0.8
sensor_480,4,0.8
sensor_552,4,0.8
sensor_491,4,0.8
sensor_249,4,0.8
sensor_436,4,0.8
sensor_079,4,0.8
sensor_213,4,0.8
sensor_172,4,0.8
sensor_524,4,0.8
sensor_052,4,0.8
sensor_577,4,0.8
sensor_575,4,0.8
sensor_171,4,0.8
sensor_286,4,0.8
sensor_097,4,0.8
sensor_332,4,0.8
sensor_302,4,0.8
sensor_511,4,0.8
sensor_407,4,0.8
sensor_101,3,0.6
sensor_578,3,0.6
sensor_024,3,0.6
sensor_229,3,0.6
sensor_473,3,0.6
sensor_567,3,0.6
sensor_217,3,0.6
sensor_588,3,0.6
sensor_147,3,0.6
sensor_387,3,0.6
sensor_318,3,0.6
sensor_205,3,0.6
sensor_015,3,0.6
sensor_501,3,0.6
sensor_076,3,0.6
sensor_299,3,0.6
sensor_354,3,0.6
sensor_345,2,0.4
sensor_280,2,0.4
sensor_170,2,0.4
sensor_443,2,0.4
sensor_094,2,0.4
sensor_445,2,0.4
sensor_239,2,0.4
sensor_212,2,0.4
sensor_489,2,0.4
sensor_338,2,0.4
sensor_145,2,0.4
sensor_223,2,0.4
sensor_080,2,0.4
sensor_103,2,0.4
sensor_439,2,0.4
sensor_432,2,0.4
sensor_151,2,0.4
sensor_418,2,0.4
sensor_435,2,0.4
sensor_413,2,0.4
sensor_458,2,0.4
sensor_322,2,0.4
sensor_554,2,0.4
sensor_005,2,0.4
sensor_570,1,0.2
sensor_333,1,0.2
sensor_209,1,0.2
sensor_457,1,0.2
sensor_081,1,0.2
sensor_456,1,0.2
sensor_440,1,0.2
sensor_512,1,0.2
sensor_377,1,0.2
sensor_224,1,0.2
sensor_272,1,0.2
sensor_352,1,0.2
sensor_083,1,0.2
sensor_587,1,0.2
sensor_497,1,0.2
sensor_542,1,0.2
sensor_297,1,0.2
sensor_312,1,0.2
sensor_126,1,0.2
sensor_438,1,0.2
sensor_566,1,0.2
sensor_295,1,0.2
sensor_431,1,0.2
sensor_291,1,0.2
sensor_202,1,0.2
